modele_data,x0,x0_id,y0,ycible,modele_opt,relax,Status,Sol,Label,Valeur_optimale,temps_execution,zk^2,betai*betaj,sigmak*zk,RLT_Lan,betai*zkj,Nombre_iterations
BLOB,"tensor([1.0219, 3.9137])",1,0,1,FprG_SDP,False,1,"[1.4459266568846834, 3.4215285744887267]",0,-13.5250096547088,0.016726970672607422,False,True,True,False,False,11
BLOB,"tensor([1.0219, 3.9137])",1,0,1,FprG_SDP,False,1,"[1.353707909396092, 3.4359118318062833]",0,-13.525009639651675,0.023587703704833984,False,True,False,False,False,9
BLOB,"tensor([1.0219, 3.9137])",1,0,1,FprG_SDP,False,1,"[1.433646550976268, 3.422116763421568]",0,-13.525009654725483,0.017930269241333008,False,False,True,False,False,11
BLOB,"tensor([1.0219, 3.9137])",1,0,1,FprG_SDP,False,1,"[1.3433878492570344, 3.4371064480442186]",0,-13.525009652815712,0.01680779457092285,False,False,False,False,False,9
BLOB,"tensor([1.0219, 3.9137])",1,0,2,Lan_SDP,False,1,"[1.5219497894240643, 3.413665680014054]",0,34.16189108350855,0.020083904266357422,True,False,False,False,False,14
BLOB,"tensor([1.0219, 3.9137])",1,0,2,Lan_SDP,False,1,"[1.5219498593918928, 3.4136645817275864]",0,34.1618714608838,0.009425163269042969,False,False,False,False,False,13
BLOB,"tensor([1.0219, 3.9137])",1,0,2,Lan_couches_SDP,False,1,"[1.521949816435665, 3.413665668034514]",0,34.16188963334931,0.02479076385498047,True,False,False,False,False,13
BLOB,"tensor([1.0219, 3.9137])",1,0,2,Lan_couches_SDP,False,1,"[1.5219498818100217, 3.4136645769332272]",0,34.1618710791238,0.01684427261352539,False,False,False,False,False,11
BLOB,"tensor([1.9996, 1.9189])",2,1,0,Lan_SDP,False,1,"[1.4995965981936548, 1.5289491895866512]",1,9.971137106019743,0.024668216705322266,True,False,False,False,False,11
BLOB,"tensor([1.9996, 1.9189])",2,1,0,Lan_SDP,False,1,"[1.4995965989858453, 1.5289492338434696]",1,9.971136813900877,0.0165863037109375,False,False,False,False,False,11
BLOB,"tensor([1.9996, 1.9189])",2,1,0,Lan_couches_SDP,False,1,"[1.4995965967116678, 1.5289492258277009]",1,9.971136811169806,0.01811361312866211,True,False,False,False,False,12
BLOB,"tensor([1.9996, 1.9189])",2,1,0,Lan_couches_SDP,False,1,"[1.4995965937583422, 1.5289492316196476]",1,9.971136764558068,0.02688288688659668,False,False,False,False,False,11
BLOB,"tensor([1.9817, 1.9711])",6,1,2,Lan_SDP,False,1,"[2.2996890049969134, 1.4711370609845547]",1,5.439140341177124,0.011109352111816406,True,False,False,False,False,12
BLOB,"tensor([1.9817, 1.9711])",6,1,2,Lan_SDP,False,1,"[2.299689043908474, 1.4711370598059668]",1,5.439140032053748,0.0025835037231445312,False,False,False,False,False,12
BLOB,"tensor([1.9817, 1.9711])",6,1,0,Lan_couches_SDP,False,1,"[1.4816957579025982, 1.5811743150285256]",1,9.376816203527522,0.007272481918334961,True,False,False,False,False,11
BLOB,"tensor([1.9817, 1.9711])",6,1,0,Lan_couches_SDP,False,1,"[1.4816957687659722, 1.581174338894015]",1,9.376816206723959,0.009076356887817383,False,False,False,False,False,11
BLOB,"tensor([1.0148, 4.0246])",7,0,1,FprG_SDP,False,1,"[1.4440707213548563, 3.531910120746856]",0,-12.77647068340384,0.009102106094360352,False,True,True,False,False,11
BLOB,"tensor([1.0148, 4.0246])",7,0,1,FprG_SDP,False,1,"[1.355226199777837, 3.545628518935637]",0,-12.776470678392148,0.007750511169433594,False,True,False,False,False,9
BLOB,"tensor([1.0148, 4.0246])",7,0,1,FprG_SDP,False,1,"[1.4298149960504332, 3.5326590348566036]",0,-12.776470683398475,0.01098322868347168,False,False,True,False,False,11
BLOB,"tensor([1.0148, 4.0246])",7,0,1,FprG_SDP,False,1,"[1.345393923845245, 3.546521891686446]",0,-12.776470682448076,0.007433414459228516,False,False,False,False,False,9
BLOB,"tensor([1.0148, 4.0246])",7,0,1,Lan_SDP,False,1,"[1.5148498458549706, 3.524565401568699]",0,3.5707677182849675,0.0,True,False,False,False,False,16
BLOB,"tensor([1.0148, 4.0246])",7,0,1,Lan_SDP,False,1,"[1.514849834857121, 3.5245652339681968]",0,3.5707663822259796,0.007128715515136719,False,False,False,False,False,13
BLOB,"tensor([1.0148, 4.0246])",7,0,1,Lan_couches_SDP,False,1,"[1.5148498575436171, 3.524565376265351]",0,3.570767518468574,0.02893805503845215,True,False,False,False,False,25
BLOB,"tensor([1.0148, 4.0246])",7,0,1,Lan_couches_SDP,False,1,"[1.5148499003473481, 3.5245652203435855]",0,3.5707657465921097,0.008429527282714844,False,False,False,False,False,12
BLOB,"tensor([1.0515, 4.0775])",9,0,2,FprG_SDP,False,1,"[1.480172836744524, 3.5849260212780956]",0,-13.177065583713643,0.010849237442016602,False,True,True,False,False,11
BLOB,"tensor([1.0515, 4.0775])",9,0,2,FprG_SDP,False,1,"[1.391417902689953, 3.59867592076754]",0,-13.177065576984138,0.011171817779541016,False,True,False,False,False,9
BLOB,"tensor([1.0515, 4.0775])",9,0,2,FprG_SDP,False,1,"[1.4659739801627174, 3.5856771201686835]",0,-13.177065583741944,0.012758255004882812,False,False,True,False,False,11
BLOB,"tensor([1.0515, 4.0775])",9,0,2,FprG_SDP,False,1,"[1.3819192366447277, 3.5996010225149266]",0,-13.177065574195325,0.01179051399230957,False,False,False,False,False,9
BLOB,"tensor([1.0515, 4.0775])",9,0,2,Lan_SDP,False,1,"[1.55151466206338, 3.5775362512212707]",0,36.28860396634089,0.008278131484985352,True,False,False,False,False,13
BLOB,"tensor([1.0515, 4.0775])",9,0,2,Lan_SDP,False,1,"[1.5515147230752775, 3.577536107133718]",0,36.28860071896811,0.008177995681762695,False,False,False,False,False,13
BLOB,"tensor([1.0515, 4.0775])",9,0,1,Lan_couches_SDP,False,1,"[1.5515146824197632, 3.5775363066565244]",0,3.4548173388477785,0.011546611785888672,True,False,False,False,False,13
BLOB,"tensor([1.0515, 4.0775])",9,0,1,Lan_couches_SDP,False,1,"[1.5515147433432852, 3.5775361061118156]",0,3.454815045997637,0.014546871185302734,False,False,False,False,False,12
BLOB,"tensor([0.9739, 3.9204])",10,0,1,FprG_SDP,False,1,"[1.401850725271896, 3.4279004197013565]",0,-12.578406941115542,0.011436939239501953,False,True,True,False,False,11
BLOB,"tensor([0.9739, 3.9204])",10,0,1,FprG_SDP,False,1,"[1.3117116521463505, 3.441762000689614]",0,-12.578406931768459,0.010431289672851562,False,True,False,False,False,9
BLOB,"tensor([0.9739, 3.9204])",10,0,1,FprG_SDP,False,1,"[1.3886437814889336, 3.428532247859645]",0,-12.578406941128982,0.010255813598632812,False,False,True,False,False,11
BLOB,"tensor([0.9739, 3.9204])",10,0,1,FprG_SDP,False,1,"[1.301209963466308, 3.442746155220501]",0,-12.578406940166367,0.011219024658203125,False,False,False,False,False,9
BLOB,"tensor([0.9739, 3.9204])",10,0,2,Lan_SDP,False,1,"[1.4739034460740819, 3.4203904517877186]",0,35.313286567065006,0.008926868438720703,True,False,False,False,False,13
BLOB,"tensor([0.9739, 3.9204])",10,0,2,Lan_SDP,False,1,"[1.47390354307128, 3.42039036946216]",0,35.31328395144761,0.008695363998413086,False,False,False,False,False,13
BLOB,"tensor([0.9739, 3.9204])",10,0,1,Lan_couches_SDP,False,1,"[1.473903479919902, 3.4203904846263713]",0,3.3902598885283197,0.010248661041259766,True,False,False,False,False,13
BLOB,"tensor([0.9739, 3.9204])",10,0,1,Lan_couches_SDP,False,1,"[1.4739035955741764, 3.420390367427021]",0,3.390257918282515,0.010802030563354492,False,False,False,False,False,13
BLOB,"tensor([1.0137, 3.9698])",12,0,2,FprG_SDP,False,1,"[1.4405695272038326, 3.4774423419480307]",0,-13.058498721377227,0.007791042327880859,False,True,True,False,False,11
BLOB,"tensor([1.0137, 3.9698])",12,0,2,FprG_SDP,False,1,"[1.3505103541913515, 3.491362911814051]",0,-13.058498710960553,0.010212182998657227,False,True,False,False,False,9
BLOB,"tensor([1.0137, 3.9698])",12,0,2,FprG_SDP,False,1,"[1.4275890268093328, 3.4780510711110604]",0,-13.058498721416884,0.011173486709594727,False,False,True,False,False,11
BLOB,"tensor([1.0137, 3.9698])",12,0,2,FprG_SDP,False,1,"[1.3403941145438354, 3.4923918727083065]",0,-13.058498720163449,0.01041555404663086,False,False,False,False,False,9
BLOB,"tensor([1.0137, 3.9698])",12,0,2,Lan_SDP,False,1,"[1.5137321711593739, 3.4698191166181087]",0,35.28702274771523,0.010069608688354492,True,False,False,False,False,13
BLOB,"tensor([1.0137, 3.9698])",12,0,2,Lan_SDP,False,1,"[1.5137322921659415, 3.4698190691246755]",0,35.28702003689983,0.01024007797241211,False,False,False,False,False,13
BLOB,"tensor([1.0137, 3.9698])",12,0,1,Lan_couches_SDP,False,1,"[1.5137322728328029, 3.4698190936531867]",0,3.2084349808318793,0.014380693435668945,True,False,False,False,False,12
BLOB,"tensor([1.0137, 3.9698])",12,0,1,Lan_couches_SDP,False,1,"[1.5137323042236446, 3.4698190693139876]",0,3.208434359485965,0.01190185546875,False,False,False,False,False,11
BLOB,"tensor([1.9376, 2.0064])",13,1,2,Lan_SDP,False,1,"[2.2556281839982497, 1.5064156157272879]",1,6.165688762505791,0.008115053176879883,True,False,False,False,False,12
BLOB,"tensor([1.9376, 2.0064])",13,1,2,Lan_SDP,False,1,"[2.255628222368924, 1.5064156076762745]",1,6.165688394210308,0.011546850204467773,False,False,False,False,False,12
BLOB,"tensor([1.9376, 2.0064])",13,1,0,Lan_couches_SDP,False,1,"[1.4376350500075488, 1.616452801948709]",1,8.556210285860843,0.0036542415618896484,True,False,False,False,False,11
BLOB,"tensor([1.9376, 2.0064])",13,1,0,Lan_couches_SDP,False,1,"[1.437635062249572, 1.6164528365716924]",1,8.556210244051918,0.0045735836029052734,False,False,False,False,False,11
BLOB,"tensor([1.9464, 2.0419])",16,1,2,Lan_SDP,False,1,"[2.2643726574527068, 1.5419213774636409]",1,6.446116258322386,0.009508371353149414,True,False,False,False,False,12
BLOB,"tensor([1.9464, 2.0419])",16,1,2,Lan_SDP,False,1,"[2.2643726638545165, 1.5419213783989905]",1,6.446116209819996,0.027499675750732422,False,False,False,False,False,12
BLOB,"tensor([1.9464, 2.0419])",16,1,0,Lan_couches_SDP,False,1,"[1.4463791726413688, 1.6519585988648715]",1,8.426359511041829,0.009604454040527344,True,False,False,False,False,13
BLOB,"tensor([1.9464, 2.0419])",16,1,0,Lan_couches_SDP,False,1,"[1.446379063322973, 1.6519585564703547]",1,8.426358499948597,0.012035131454467773,False,False,False,False,False,11
BLOB,"tensor([0.9834, 4.0225])",17,0,2,FprG_SDP,False,1,"[1.4151824433869873, 3.5295747228722023]",0,-12.193522081261328,0.006185293197631836,False,True,True,False,False,11
BLOB,"tensor([0.9834, 4.0225])",17,0,2,FprG_SDP,False,1,"[1.3270563335406318, 3.5431332273397382]",0,-12.193522074557796,0.008347511291503906,False,True,False,False,False,9
BLOB,"tensor([0.9834, 4.0225])",17,0,2,FprG_SDP,False,1,"[1.4002174493206379, 3.5303776696193836]",0,-12.193522081126442,0.010364294052124023,False,False,True,False,False,11
BLOB,"tensor([0.9834, 4.0225])",17,0,2,FprG_SDP,False,1,"[1.3172327750172728, 3.5438832775116342]",0,-12.19352207971525,0.0,False,False,False,False,False,9
BLOB,"tensor([0.9834, 4.0225])",17,0,2,Lan_SDP,False,1,"[1.4834493987195885, 3.522514397482766]",0,36.83045615514449,0.0025794506072998047,True,False,False,False,False,14
BLOB,"tensor([0.9834, 4.0225])",17,0,2,Lan_SDP,False,1,"[1.483449414000424, 3.5225143440120537]",0,36.830454829013206,0.0025424957275390625,False,False,False,False,False,13
BLOB,"tensor([0.9834, 4.0225])",17,0,2,Lan_couches_SDP,False,1,"[1.4834494478580629, 3.522514343650802]",0,36.830454593789156,0.008944272994995117,True,False,False,False,False,12
BLOB,"tensor([0.9834, 4.0225])",17,0,2,Lan_couches_SDP,False,1,"[1.4834494517884895, 3.5225143375873196]",0,36.83045413087537,0.00833272933959961,False,False,False,False,False,12
BLOB,"tensor([1.0792, 4.0324])",19,0,2,FprG_SDP,False,1,"[1.5040276454542922, 3.540149094595835]",0,-13.951802682737505,0.01101541519165039,False,True,True,False,False,11
BLOB,"tensor([1.0792, 4.0324])",19,0,2,FprG_SDP,False,1,"[1.4132295874470857, 3.5543590562798784]",0,-13.951802653202716,0.011373519897460938,False,True,False,False,False,9
BLOB,"tensor([1.0792, 4.0324])",19,0,2,FprG_SDP,False,1,"[1.4899885738854293, 3.5409231506431187]",0,-13.951802682776227,0.01095128059387207,False,False,True,False,False,11
BLOB,"tensor([1.0792, 4.0324])",19,0,2,FprG_SDP,False,1,"[1.403760343534656, 3.555492755944953]",0,-13.951802668691204,0.008007526397705078,False,False,False,False,False,9
BLOB,"tensor([1.0792, 4.0324])",19,0,2,Lan_SDP,False,1,"[1.5792409646647372, 3.5323982029453287]",0,34.92792869233955,0.01424264907836914,True,False,False,False,False,13
BLOB,"tensor([1.0792, 4.0324])",19,0,2,Lan_SDP,False,1,"[1.5792410073063199, 3.5323982269614667]",0,34.92792822640334,0.014212369918823242,False,False,False,False,False,13
BLOB,"tensor([1.0792, 4.0324])",19,0,1,Lan_couches_SDP,False,1,"[1.579241032487236, 3.532398208025471]",0,2.780476226056936,0.009273052215576172,True,False,False,False,False,12
BLOB,"tensor([1.0792, 4.0324])",19,0,1,Lan_couches_SDP,False,1,"[1.57924103561504, 3.5323982239001532]",0,2.7804763681159965,0.009485244750976562,False,False,False,False,False,11
BLOB,"tensor([2.0179, 2.0836])",20,1,2,Lan_SDP,False,1,"[2.335895131690858, 1.583571051922943]",1,6.254844660984453,0.005157947540283203,True,False,False,False,False,13
BLOB,"tensor([2.0179, 2.0836])",20,1,2,Lan_SDP,False,1,"[2.335895156145479, 1.5835709622981518]",1,6.254843615998254,0.005949735641479492,False,False,False,False,False,12
BLOB,"tensor([2.0179, 2.0836])",20,1,0,Lan_couches_SDP,False,1,"[1.5179016536032717, 1.693608184930466]",1,9.077285338189371,0.014742374420166016,True,False,False,False,False,11
BLOB,"tensor([2.0179, 2.0836])",20,1,0,Lan_couches_SDP,False,1,"[1.5179016574764994, 1.6936082011848335]",1,9.077285266612106,0.01485133171081543,False,False,False,False,False,11
BLOB,"tensor([0.9711, 3.9836])",21,0,1,FprG_SDP,False,1,"[1.4021917656420013, 3.490725405314055]",0,-12.175664201533618,0.011981487274169922,False,True,True,False,False,11
BLOB,"tensor([0.9711, 3.9836])",21,0,1,FprG_SDP,False,1,"[1.313551580910245, 3.504351011026347]",0,-12.175664195133248,0.010825395584106445,False,True,False,False,False,9
BLOB,"tensor([0.9711, 3.9836])",21,0,1,FprG_SDP,False,1,"[1.3874958384997562, 3.491505510364017]",0,-12.175664201484315,0.00010943412780761719,False,False,True,False,False,11
BLOB,"tensor([0.9711, 3.9836])",21,0,1,FprG_SDP,False,1,"[1.303486208969811, 3.5051447280455696]",0,-12.175664200760604,0.011054039001464844,False,False,False,False,False,9
BLOB,"tensor([0.9711, 3.9836])",21,0,1,Lan_SDP,False,1,"[1.471116144726909, 3.483588335878576]",0,3.861987531949035,0.009479045867919922,True,False,False,False,False,16
BLOB,"tensor([0.9711, 3.9836])",21,0,1,Lan_SDP,False,1,"[1.4711161827931594, 3.4835882184535696]",0,3.8619863061975748,0.0,False,False,False,False,False,14
BLOB,"tensor([0.9711, 3.9836])",21,0,1,Lan_couches_SDP,False,1,"[1.4711161695533845, 3.483588363196287]",0,3.8619875991220667,0.009244680404663086,True,False,False,False,False,14
BLOB,"tensor([0.9711, 3.9836])",21,0,1,Lan_couches_SDP,False,1,"[1.4711161836886018, 3.4835882178695687]",0,3.8619862921437287,0.00900888442993164,False,False,False,False,False,12
BLOB,"tensor([0.9511, 3.9239])",23,0,1,FprG_SDP,False,1,"[1.381216020806095, 3.4311028271976087]",0,-12.127439864713846,0.03087902069091797,False,True,True,False,False,11
BLOB,"tensor([0.9511, 3.9239])",23,0,1,FprG_SDP,False,1,"[1.2917318172972114, 3.4448296187139467]",0,-12.127439856726728,0.017543554306030273,False,True,False,False,False,9
BLOB,"tensor([0.9511, 3.9239])",23,0,1,FprG_SDP,False,1,"[1.3670206520798265, 3.4318386048420018]",0,-12.127439864700673,0.011632680892944336,False,False,True,False,False,11
BLOB,"tensor([0.9511, 3.9239])",23,0,1,FprG_SDP,False,1,"[1.2812865521003836, 3.445686927739158]",0,-12.12743986387034,0.012450456619262695,False,False,False,False,False,9
BLOB,"tensor([0.9511, 3.9239])",23,0,1,Lan_SDP,False,1,"[1.4510889250648407, 3.4238502095231675]",0,3.7132040863602604,0.0,True,False,False,False,False,16
BLOB,"tensor([0.9511, 3.9239])",23,0,1,Lan_SDP,False,1,"[1.4510888804843027, 3.423850046541054]",0,3.7132035701895676,0.006228208541870117,False,False,False,False,False,15
BLOB,"tensor([0.9511, 3.9239])",23,0,1,Lan_couches_SDP,False,1,"[1.4510889559655364, 3.4238502901430383]",0,3.713204328696051,0.009513139724731445,True,False,False,False,False,16
BLOB,"tensor([0.9511, 3.9239])",23,0,1,Lan_couches_SDP,False,1,"[1.451088887229459, 3.42385006567584]",0,3.713203473514975,0.006558895111083984,False,False,False,False,False,12
BLOB,"tensor([1.1006, 3.9978])",24,0,1,FprG_SDP,False,1,"[1.5233113438326058, 3.505731830306758]",0,-14.547120032839223,0.012147903442382812,False,True,True,False,False,11
BLOB,"tensor([1.1006, 3.9978])",24,0,1,FprG_SDP,False,1,"[1.4298685968821456, 3.5204133637518003]",0,-14.54711999745334,0.014673471450805664,False,True,False,False,False,9
BLOB,"tensor([1.1006, 3.9978])",24,0,1,FprG_SDP,False,1,"[1.5089121985711635, 3.5065908881284904]",0,-14.547120032837634,0.010818719863891602,False,False,True,False,False,11
BLOB,"tensor([1.1006, 3.9978])",24,0,1,FprG_SDP,False,1,"[1.4216014013990443, 3.5215420008505434]",0,-14.547120020117138,0.01128530502319336,False,False,False,False,False,9
BLOB,"tensor([1.1006, 3.9978])",24,0,1,Lan_SDP,False,1,"[1.6005627754984666, 3.4977703566443235]",0,2.2624795573671515,0.0,True,False,False,False,False,15
BLOB,"tensor([1.1006, 3.9978])",24,0,1,Lan_SDP,False,1,"[1.6005628064260493, 3.497770312269015]",0,2.2624789692474847,0.004865407943725586,False,False,False,False,False,14
BLOB,"tensor([1.1006, 3.9978])",24,0,2,Lan_couches_SDP,False,1,"[1.6005628048103375, 3.497770310095394]",0,33.882968146568956,0.005979299545288086,True,False,False,False,False,12
BLOB,"tensor([1.1006, 3.9978])",24,0,2,Lan_couches_SDP,False,1,"[1.6005628087936277, 3.4977703089101557]",0,33.8829676428559,0.005839824676513672,False,False,False,False,False,11
BLOB,"tensor([2.0851, 1.9908])",25,1,0,Lan_SDP,False,1,"[1.585082295489142, 1.6008648439067843]",1,10.596720255610688,0.010955333709716797,True,False,False,False,False,12
BLOB,"tensor([2.0851, 1.9908])",25,1,0,Lan_SDP,False,1,"[1.585082292831952, 1.6008648302762585]",1,10.596720322468665,0.012161970138549805,False,False,False,False,False,11
BLOB,"tensor([2.0851, 1.9908])",25,1,0,Lan_couches_SDP,False,1,"[1.5850822783067617, 1.6008648062513704]",1,10.59672027261455,0.008182525634765625,True,False,False,False,False,11
BLOB,"tensor([2.0851, 1.9908])",25,1,0,Lan_couches_SDP,False,1,"[1.5850822897918047, 1.6008648299382893]",1,10.596720289332652,0.005009174346923828,False,False,False,False,False,11
BLOB,"tensor([1.9650, 1.9962])",29,1,0,Lan_SDP,False,1,"[1.4649859605079303, 1.6062409318205995]",1,8.98512553850978,0.009836196899414062,True,False,False,False,False,11
BLOB,"tensor([1.9650, 1.9962])",29,1,0,Lan_SDP,False,1,"[1.4649859722524978, 1.6062409678724572]",1,8.9851254530353,0.008315801620483398,False,False,False,False,False,11
BLOB,"tensor([1.9650, 1.9962])",29,1,0,Lan_couches_SDP,False,1,"[1.4649859553158817, 1.6062409660054389]",1,8.985125217152696,0.0143890380859375,True,False,False,False,False,11
BLOB,"tensor([1.9650, 1.9962])",29,1,0,Lan_couches_SDP,False,1,"[1.4649859641866727, 1.606240985535963]",1,8.985125228391167,0.013092279434204102,False,False,False,False,False,11
BLOB,"tensor([2.0538, 2.0602])",30,1,2,Lan_SDP,False,1,"[2.3717578393579926, 1.5601797214173991]",1,5.71665560347728,0.010465621948242188,True,False,False,False,False,12
BLOB,"tensor([2.0538, 2.0602])",30,1,2,Lan_SDP,False,1,"[2.3717578628552336, 1.5601797218385662]",1,5.716655413111718,0.01015162467956543,False,False,False,False,False,12
BLOB,"tensor([2.0538, 2.0602])",30,1,2,Lan_couches_SDP,False,1,"[2.371757855876012, 1.5601797119029785]",1,5.716655390437532,0.016338109970092773,True,False,False,False,False,11
BLOB,"tensor([2.0538, 2.0602])",30,1,2,Lan_couches_SDP,False,1,"[2.371757866987382, 1.560179711604814]",1,5.716655298433882,0.007966279983520508,False,False,False,False,False,11
BLOB,"tensor([1.0407, 4.0029])",33,0,2,FprG_SDP,False,1,"[1.466820798913723, 3.51057284045301]",0,-13.385941986218349,0.013024091720581055,False,True,True,False,False,11
BLOB,"tensor([1.0407, 4.0029])",33,0,2,FprG_SDP,False,1,"[1.376833526791258, 3.5245982206418645]",0,-13.385941971775708,0.010931730270385742,False,True,False,False,False,9
BLOB,"tensor([1.0407, 4.0029])",33,0,2,FprG_SDP,False,1,"[1.452845010867789, 3.5113355744531307]",0,-13.385941986275368,0.010579586029052734,False,False,True,False,False,11
BLOB,"tensor([1.0407, 4.0029])",33,0,2,FprG_SDP,False,1,"[1.367003066823371, 3.52565345426941]",0,-13.385941982531037,0.009725332260131836,False,False,False,False,False,9
BLOB,"tensor([1.0407, 4.0029])",33,0,2,Lan_SDP,False,1,"[1.540725887451541, 3.50294635245632]",0,35.26293189642692,0.01742386817932129,True,False,False,False,False,13
BLOB,"tensor([1.0407, 4.0029])",33,0,2,Lan_SDP,False,1,"[1.540725913994045, 3.5029463795731033]",0,35.26293183010452,0.015579462051391602,False,False,False,False,False,13
BLOB,"tensor([1.0407, 4.0029])",33,0,2,Lan_couches_SDP,False,1,"[1.5407259261338824, 3.502946358251059]",0,35.26293118703733,0.018233060836791992,True,False,False,False,False,11
BLOB,"tensor([1.0407, 4.0029])",33,0,2,Lan_couches_SDP,False,1,"[1.5407259372925564, 3.50294637176216]",0,35.262931394253975,0.018614530563354492,False,False,False,False,False,11
BLOB,"tensor([0.9920, 3.9584])",34,0,2,FprG_SDP,False,1,"[1.4201327041727265, 3.4658850890559565]",0,-12.71046024309403,0.011449813842773438,False,True,True,False,False,11
BLOB,"tensor([0.9920, 3.9584])",34,0,2,FprG_SDP,False,1,"[1.3304211576434906, 3.47970865306701]",0,-12.710460236019959,0.010452985763549805,False,True,False,False,False,9
BLOB,"tensor([0.9920, 3.9584])",34,0,2,FprG_SDP,False,1,"[1.4065140556061568, 3.4665701048294797]",0,-12.710460243110585,0.01372981071472168,False,False,True,False,False,11
BLOB,"tensor([0.9920, 3.9584])",34,0,2,FprG_SDP,False,1,"[1.320177710281475, 3.4806734256326783]",0,-12.710460242446366,0.01575756072998047,False,False,False,False,False,9
BLOB,"tensor([0.9920, 3.9584])",34,0,2,Lan_SDP,False,1,"[1.4920027464518526, 3.4584021535722247]",0,35.56376200959384,0.0050945281982421875,True,False,False,False,False,12
BLOB,"tensor([0.9920, 3.9584])",34,0,2,Lan_SDP,False,1,"[1.4920028837555155, 3.458402173127529]",0,35.56376065799655,0.005757808685302734,False,False,False,False,False,14
BLOB,"tensor([0.9920, 3.9584])",34,0,2,Lan_couches_SDP,False,1,"[1.4920029240857842, 3.458402144479557]",0,35.56375909491709,0.006875276565551758,True,False,False,False,False,11
BLOB,"tensor([0.9920, 3.9584])",34,0,2,Lan_couches_SDP,False,1,"[1.492002950808745, 3.4584021542283154]",0,35.56375924648152,0.007657289505004883,False,False,False,False,False,12
BLOB,"tensor([1.0652, 4.0064])",37,0,2,FprG_SDP,False,1,"[1.4897850568704785, 3.514205254248354]",0,-13.829105806316779,0.010560750961303711,False,True,True,False,False,11
BLOB,"tensor([1.0652, 4.0064])",37,0,2,FprG_SDP,False,1,"[1.3988408895697118, 3.528428321009439]",0,-13.829105782914745,0.010537862777709961,False,True,False,False,False,9
BLOB,"tensor([1.0652, 4.0064])",37,0,2,FprG_SDP,False,1,"[1.4761275797531888, 3.514927772256732]",0,-13.82910580635609,0.014350175857543945,False,False,True,False,False,11
BLOB,"tensor([1.0652, 4.0064])",37,0,2,FprG_SDP,False,1,"[1.3892060413425202, 3.529562007449876]",0,-13.829105798405175,0.006826162338256836,False,False,False,False,False,9
BLOB,"tensor([1.0652, 4.0064])",37,0,2,Lan_SDP,False,1,"[1.5651589968257191, 3.506426879415814]",0,34.7938549832953,0.0,True,False,False,False,False,13
BLOB,"tensor([1.0652, 4.0064])",37,0,2,Lan_SDP,False,1,"[1.5651590507864934, 3.5064268138340835]",0,34.79385300360079,0.009584426879882812,False,False,False,False,False,13
BLOB,"tensor([1.0652, 4.0064])",37,0,2,Lan_couches_SDP,False,1,"[1.5651590478177235, 3.506426779663206]",0,34.793852669558575,0.010509967803955078,True,False,False,False,False,12
BLOB,"tensor([1.0652, 4.0064])",37,0,2,Lan_couches_SDP,False,1,"[1.5651590750832576, 3.5064268077746825]",0,34.79385258426885,0.015482187271118164,False,False,False,False,False,11
BLOB,"tensor([1.9489, 2.0173])",39,1,0,Lan_SDP,False,1,"[1.4489445743019442, 1.6273130110664071]",1,8.62970489426932,0.0,True,False,False,False,False,11
BLOB,"tensor([1.9489, 2.0173])",39,1,0,Lan_SDP,False,1,"[1.4489445704544157, 1.6273130597514873]",1,8.629704513697009,0.00452113151550293,False,False,False,False,False,11
BLOB,"tensor([1.9489, 2.0173])",39,1,0,Lan_couches_SDP,False,1,"[1.4489445577735114, 1.627313034094989]",1,8.62970445601876,0.0051343441009521484,True,False,False,False,False,11
BLOB,"tensor([1.9489, 2.0173])",39,1,0,Lan_couches_SDP,False,1,"[1.4489445668558667, 1.6273130769096722]",1,8.629704344027468,0.005554914474487305,False,False,False,False,False,11
BLOB,"tensor([2.0720, 2.0014])",42,1,2,Lan_SDP,False,1,"[2.3899719269136, 1.5014181306891936]",1,4.9750012379181765,0.008826494216918945,True,False,False,False,False,13
BLOB,"tensor([2.0720, 2.0014])",42,1,2,Lan_SDP,False,1,"[2.389971940458753, 1.501418118961496]",1,4.975001045531815,0.006674289703369141,False,False,False,False,False,12
BLOB,"tensor([2.0720, 2.0014])",42,1,0,Lan_couches_SDP,False,1,"[1.5719785572896778, 1.6114552364372707]",1,10.351992212345845,0.010453224182128906,True,False,False,False,False,11
BLOB,"tensor([2.0720, 2.0014])",42,1,0,Lan_couches_SDP,False,1,"[1.5719785679550715, 1.611455271486064]",1,10.351992111827037,0.009804964065551758,False,False,False,False,False,11
BLOB,"tensor([2.0433, 1.9779])",43,1,2,Lan_SDP,False,1,"[2.3613334655647304, 1.4778731107261494]",1,4.982981820374456,0.010627985000610352,True,False,False,False,False,13
BLOB,"tensor([2.0433, 1.9779])",43,1,2,Lan_SDP,False,1,"[2.3613334829565202, 1.4778730895125873]",1,4.9829814714526535,0.011912345886230469,False,False,False,False,False,12
BLOB,"tensor([2.0433, 1.9779])",43,1,0,Lan_couches_SDP,False,1,"[1.5433399697437822, 1.5879103219355155]",1,10.138644796527135,0.0,True,False,False,False,False,12
BLOB,"tensor([2.0433, 1.9779])",43,1,0,Lan_couches_SDP,False,1,"[1.5433399658134899, 1.5879103358952034]",1,10.138644694925071,0.014741897583007812,False,False,False,False,False,11
BLOB,"tensor([1.9245, 1.9830])",44,1,0,Lan_SDP,False,1,"[1.424476863747616, 1.5930137056632065]",1,8.545096758002348,0.006794929504394531,True,False,False,False,False,12
BLOB,"tensor([1.9245, 1.9830])",44,1,0,Lan_SDP,False,1,"[1.424476863311583, 1.5930137040731271]",1,8.545096760112024,0.008877754211425781,False,False,False,False,False,11
BLOB,"tensor([1.9245, 1.9830])",44,1,2,Lan_couches_SDP,False,1,"[2.242470246376418, 1.4829765488001367]",1,6.043276443559006,0.009198904037475586,True,False,False,False,False,11
BLOB,"tensor([1.9245, 1.9830])",44,1,2,Lan_couches_SDP,False,1,"[2.2424702609317326, 1.4829765735648297]",1,6.043276553784718,0.009259939193725586,False,False,False,False,False,10
BLOB,"tensor([1.9726, 1.9628])",45,1,2,Lan_SDP,False,1,"[2.2905484901387516, 1.4627929460444744]",1,5.433403713848233,0.00665593147277832,True,False,False,False,False,13
BLOB,"tensor([1.9726, 1.9628])",45,1,2,Lan_SDP,False,1,"[2.2905484644718275, 1.462792885615405]",1,5.43340325158486,0.016859054565429688,False,False,False,False,False,12
BLOB,"tensor([1.9726, 1.9628])",45,1,2,Lan_couches_SDP,False,1,"[2.2905484175609865, 1.4627928889071085]",1,5.433403566340163,0.0,True,False,False,False,False,11
BLOB,"tensor([1.9726, 1.9628])",45,1,2,Lan_couches_SDP,False,1,"[2.2905484554326176, 1.4627928724607304]",1,5.433403191441323,0.00553441047668457,False,False,False,False,False,11
BLOB,"tensor([2.0421, 1.9209])",46,1,0,Lan_SDP,False,1,"[1.5420546537064594, 1.5309461494702536]",1,10.51405060543438,0.011543750762939453,True,False,False,False,False,11
BLOB,"tensor([2.0421, 1.9209])",46,1,0,Lan_SDP,False,1,"[1.542054652873393, 1.5309461703928013]",1,10.514050451190439,0.007731914520263672,False,False,False,False,False,11
BLOB,"tensor([2.0421, 1.9209])",46,1,2,Lan_couches_SDP,False,1,"[2.360047897526063, 1.4209090396126909]",1,4.424862689371131,0.022539138793945312,True,False,False,False,False,14
BLOB,"tensor([2.0421, 1.9209])",46,1,2,Lan_couches_SDP,False,1,"[2.360047973861708, 1.4209090479811348]",1,4.424862282033499,0.009923934936523438,False,False,False,False,False,11
BLOB,"tensor([1.9957, 2.0815])",48,1,0,Lan_SDP,False,1,"[1.4957379482024218, 1.6915092950175339]",1,8.801151552513684,0.009602546691894531,True,False,False,False,False,12
BLOB,"tensor([1.9957, 2.0815])",48,1,0,Lan_SDP,False,1,"[1.4957379116179645, 1.6915092924064488]",1,8.801151086865712,0.01131892204284668,False,False,False,False,False,11
BLOB,"tensor([1.9957, 2.0815])",48,1,2,Lan_couches_SDP,False,1,"[2.3137314113161445, 1.5814719220004056]",1,6.422076552352378,0.012509822845458984,True,False,False,False,False,11
BLOB,"tensor([1.9957, 2.0815])",48,1,2,Lan_couches_SDP,False,1,"[2.31373146041702, 1.581471921085204]",1,6.422076236630588,0.011889457702636719,False,False,False,False,False,11
BLOB,"tensor([0.9966, 4.0029])",49,0,1,FprG_SDP,False,1,"[1.426360977185805, 3.5101490041504864]",0,-12.551151051194623,0.010635137557983398,False,True,True,False,False,11
BLOB,"tensor([0.9966, 4.0029])",49,0,1,FprG_SDP,False,1,"[1.3375171101210404, 3.523842073572829]",0,-12.551151045339836,0.01183319091796875,False,True,False,False,False,9
BLOB,"tensor([0.9966, 4.0029])",49,0,1,FprG_SDP,False,1,"[1.4120021014733664, 3.510903010426461]",0,-12.551151051175458,0.008087396621704102,False,False,True,False,False,11
BLOB,"tensor([0.9966, 4.0029])",49,0,1,FprG_SDP,False,1,"[1.3275538010329886, 3.5247059914166656]",0,-12.551151050300476,0.010177373886108398,False,False,False,False,False,9
BLOB,"tensor([0.9966, 4.0029])",49,0,2,Lan_SDP,False,1,"[1.4965943603247611, 3.502861648329765]",0,36.21484506572547,0.008162260055541992,True,False,False,False,False,13
BLOB,"tensor([0.9966, 4.0029])",49,0,2,Lan_SDP,False,1,"[1.496594518919496, 3.5028615004537476]",0,36.214840318138016,0.010006427764892578,False,False,False,False,False,13
BLOB,"tensor([0.9966, 4.0029])",49,0,1,Lan_couches_SDP,False,1,"[1.496594495315054, 3.5028615696144962]",0,3.6606592707940697,0.02272629737854004,True,False,False,False,False,22
BLOB,"tensor([0.9966, 4.0029])",49,0,1,Lan_couches_SDP,False,1,"[1.4965945464996548, 3.5028614998898586]",0,3.6606577812074024,0.011426925659179688,False,False,False,False,False,12
BLOB,"tensor([1.9565, 1.9847])",50,1,2,Lan_SDP,False,1,"[2.2745142864332677, 1.4847241922032186]",1,5.788635824455284,0.013725757598876953,True,False,False,False,False,13
BLOB,"tensor([1.9565, 1.9847])",50,1,2,Lan_SDP,False,1,"[2.2745142802157265, 1.4847241766743544]",1,5.7886356461103805,0.011188507080078125,False,False,False,False,False,12
BLOB,"tensor([1.9565, 1.9847])",50,1,2,Lan_couches_SDP,False,1,"[2.274514239793284, 1.4847241596918572]",1,5.788635694468724,0.016028404235839844,True,False,False,False,False,11
BLOB,"tensor([1.9565, 1.9847])",50,1,2,Lan_couches_SDP,False,1,"[2.2745142841241552, 1.484724166384234]",1,5.78863552272788,0.011921167373657227,False,False,False,False,False,11
BLOB,"tensor([2.0614, 1.8850])",51,1,2,Lan_SDP,False,1,"[2.379427456883608, 1.3850230399996053]",1,3.9018247783133484,0.010741949081420898,True,False,False,False,False,13
BLOB,"tensor([2.0614, 1.8850])",51,1,2,Lan_SDP,False,1,"[2.3794274585491326, 1.385023000969078]",1,3.9018243811676685,0.010064363479614258,False,False,False,False,False,13
BLOB,"tensor([2.0614, 1.8850])",51,1,2,Lan_couches_SDP,False,1,"[2.3794274283109127, 1.3850230589798567]",1,3.9018251812679994,0.016690731048583984,True,False,False,False,False,11
BLOB,"tensor([2.0614, 1.8850])",51,1,2,Lan_couches_SDP,False,1,"[2.379427459240096, 1.3850229982930822]",1,3.9018243531998644,0.011832237243652344,False,False,False,False,False,11
BLOB,"tensor([2.0274, 1.9475])",52,1,2,Lan_SDP,False,1,"[2.3453833779206086, 1.4475211776936245]",1,4.815223616032027,0.008662939071655273,True,False,False,False,False,13
BLOB,"tensor([2.0274, 1.9475])",52,1,2,Lan_SDP,False,1,"[2.3453833721504216, 1.4475210928286313]",1,4.815222803316198,0.011130332946777344,False,False,False,False,False,12
BLOB,"tensor([2.0274, 1.9475])",52,1,0,Lan_couches_SDP,False,1,"[1.5273900145653996, 1.5575585869922361]",1,10.138529336185723,0.01669931411743164,True,False,False,False,False,12
BLOB,"tensor([2.0274, 1.9475])",52,1,0,Lan_couches_SDP,False,1,"[1.5273900031363672, 1.557558609244395]",1,10.138528922871114,0.013257980346679688,False,False,False,False,False,11
BLOB,"tensor([1.0249, 3.9987])",53,0,1,FprG_SDP,False,1,"[1.4521418397185353, 3.506260869044801]",0,-13.110027667338812,0.008352994918823242,False,True,True,False,False,11
BLOB,"tensor([1.0249, 3.9987])",53,0,1,FprG_SDP,False,1,"[1.3624586860535859, 3.5201349407782234]",0,-13.110027658260389,0.001985311508178711,False,True,False,False,False,9
BLOB,"tensor([1.0249, 3.9987])",53,0,1,FprG_SDP,False,1,"[1.4386853861082094, 3.5069309702288867]",0,-13.110027667382454,0.0051898956298828125,False,False,True,False,False,11
BLOB,"tensor([1.0249, 3.9987])",53,0,1,FprG_SDP,False,1,"[1.3525203579731908, 3.5211397959132165]",0,-13.110027665429726,0.004560232162475586,False,False,False,False,False,9
BLOB,"tensor([1.0249, 3.9987])",53,0,1,Lan_SDP,False,1,"[1.5249025716855336, 3.498691547954971]",0,3.2607986622180505,0.01658797264099121,True,False,False,False,False,16
BLOB,"tensor([1.0249, 3.9987])",53,0,1,Lan_SDP,False,1,"[1.5249025183615927, 3.4986903788994788]",0,3.2607911424306186,0.017799854278564453,False,False,False,False,False,13
BLOB,"tensor([1.0249, 3.9987])",53,0,1,Lan_couches_SDP,False,1,"[1.5249025788916628, 3.4986915343453755]",0,3.2607985639119184,0.022802114486694336,True,False,False,False,False,13
BLOB,"tensor([1.0249, 3.9987])",53,0,1,Lan_couches_SDP,False,1,"[1.5249025722501517, 3.498690367352365]",0,3.2607906008588197,0.004902839660644531,False,False,False,False,False,11
BLOB,"tensor([3.8793, 1.0929])",55,2,1,FprG_SDP,False,1,"[3.3989254340426185, 1.2782080440284844]",2,-14.723438674315087,0.010286092758178711,False,True,True,False,False,9
BLOB,"tensor([3.8793, 1.0929])",55,2,1,FprG_SDP,False,1,"[3.44136648697365, 1.136081365143912]",2,-14.723438709637442,0.00420069694519043,False,True,False,False,False,9
BLOB,"tensor([3.8793, 1.0929])",55,2,1,FprG_SDP,False,1,"[3.4009367545683205, 1.2685427742867503]",2,-14.723438700239905,0.004654884338378906,False,False,True,False,False,9
BLOB,"tensor([3.8793, 1.0929])",55,2,1,FprG_SDP,False,1,"[3.44789485375053, 1.1255234442354902]",2,-14.72343870967979,0.0073146820068359375,False,False,False,False,False,9
BLOB,"tensor([3.8793, 1.0929])",55,2,1,Lan_SDP,False,1,"[3.379279283967992, 1.5929243027975608]",2,2.511509094256974,0.008448362350463867,True,False,False,False,False,15
BLOB,"tensor([3.8793, 1.0929])",55,2,1,Lan_SDP,False,1,"[3.379279136272679, 1.5929243557946169]",2,2.511507364648935,0.008604288101196289,False,False,False,False,False,15
BLOB,"tensor([3.8793, 1.0929])",55,2,1,Lan_couches_SDP,False,1,"[3.379279237708054, 1.5929243410338092]",2,2.5115088741373306,0.0315399169921875,True,False,False,False,False,16
BLOB,"tensor([3.8793, 1.0929])",55,2,1,Lan_couches_SDP,False,1,"[3.3792791341584936, 1.5929243478423931]",2,2.511507416592668,0.00454258918762207,False,False,False,False,False,11
BLOB,"tensor([2.0495, 2.0512])",56,1,0,Lan_SDP,False,1,"[1.5495152501389833, 1.6612799788401693]",1,9.714382263298319,0.007745265960693359,True,False,False,False,False,12
BLOB,"tensor([2.0495, 2.0512])",56,1,0,Lan_SDP,False,1,"[1.5495152495390323, 1.6612800076799963]",1,9.71438206200847,0.011023283004760742,False,False,False,False,False,11
BLOB,"tensor([2.0495, 2.0512])",56,1,2,Lan_couches_SDP,False,1,"[2.367508569259727, 1.5512429288229224]",1,5.663464754934796,0.010092973709106445,True,False,False,False,False,12
BLOB,"tensor([2.0495, 2.0512])",56,1,2,Lan_couches_SDP,False,1,"[2.3675085332339467, 1.5512428294641452]",1,5.663464241450094,0.016245126724243164,False,False,False,False,False,11
BLOB,"tensor([1.9943, 1.9419])",57,1,2,Lan_SDP,False,1,"[2.312301454252038, 1.4419348632009747]",1,5.040331523365186,0.006441593170166016,True,False,False,False,False,13
BLOB,"tensor([1.9943, 1.9419])",57,1,2,Lan_SDP,False,1,"[2.312301443859862, 1.4419348285181584]",1,5.0403312528684,0.006303071975708008,False,False,False,False,False,12
BLOB,"tensor([1.9943, 1.9419])",57,1,2,Lan_couches_SDP,False,1,"[2.3123013975592617, 1.4419348301560406]",1,5.040331518534051,0.022472858428955078,True,False,False,False,False,11
BLOB,"tensor([1.9943, 1.9419])",57,1,2,Lan_couches_SDP,False,1,"[2.3123014472199, 1.441934825777969]",1,5.040331211408698,0.017142057418823242,False,False,False,False,False,11
BLOB,"tensor([0.9972, 4.0398])",58,0,2,FprG_SDP,False,1,"[1.4285752793870872, 3.546931410403978]",0,-12.358423843475576,0.009307622909545898,False,True,True,False,False,11
BLOB,"tensor([0.9972, 4.0398])",58,0,2,FprG_SDP,False,1,"[1.3404580919018534, 3.5605061748632556]",0,-12.35842383632825,0.007533550262451172,False,True,False,False,False,9
BLOB,"tensor([0.9972, 4.0398])",58,0,2,FprG_SDP,False,1,"[1.4136968693682386, 3.547726919171436]",0,-12.35842384333387,0.0075321197509765625,False,False,True,False,False,11
BLOB,"tensor([0.9972, 4.0398])",58,0,2,FprG_SDP,False,1,"[1.330723884027413, 3.561275718972532]",0,-12.358423841450438,0.006842851638793945,False,False,False,False,False,9
BLOB,"tensor([0.9972, 4.0398])",58,0,2,Lan_SDP,False,1,"[1.4972279732572646, 3.5398281491674255]",0,36.8249835022896,0.011972665786743164,True,False,False,False,False,14
BLOB,"tensor([0.9972, 4.0398])",58,0,2,Lan_SDP,False,1,"[1.4972279759312555, 3.539827824234757]",0,36.824977878983375,0.008533000946044922,False,False,False,False,False,13
BLOB,"tensor([0.9972, 4.0398])",58,0,1,Lan_couches_SDP,False,1,"[1.4972280171576788, 3.5398279187095]",0,3.906905669099298,0.02249002456665039,True,False,False,False,False,17
BLOB,"tensor([0.9972, 4.0398])",58,0,1,Lan_couches_SDP,False,1,"[1.497228024275546, 3.5398278231283835]",0,3.9069038048477456,0.0,False,False,False,False,False,12
BLOB,"tensor([1.9689, 2.0118])",59,1,0,Lan_SDP,False,1,"[1.4688753292185757, 1.6218561255783288]",1,8.928591984957928,0.003534078598022461,True,False,False,False,False,12
BLOB,"tensor([1.9689, 2.0118])",59,1,0,Lan_SDP,False,1,"[1.4688752928360678, 1.6218561238869738]",1,8.928591509492437,0.0,False,False,False,False,False,11
BLOB,"tensor([1.9689, 2.0118])",59,1,0,Lan_couches_SDP,False,1,"[1.4688754514318874, 1.621856224555042]",1,8.928592955965923,0.0,True,False,False,False,False,14
BLOB,"tensor([1.9689, 2.0118])",59,1,0,Lan_couches_SDP,False,1,"[1.4688752868696326, 1.6218561436395353]",1,8.928591298018771,0.007447242736816406,False,False,False,False,False,11
BLOB,"tensor([1.0257, 4.0101])",60,0,1,FprG_SDP,False,1,"[1.4533456019414037, 3.517650833925138]",0,-13.060838156028968,0.008424043655395508,False,True,True,False,False,11
BLOB,"tensor([1.0257, 4.0101])",60,0,1,FprG_SDP,False,1,"[1.36391292822225, 3.531482192673254]",0,-13.060838149037219,0.0084228515625,False,True,False,False,False,9
BLOB,"tensor([1.0257, 4.0101])",60,0,1,FprG_SDP,False,1,"[1.4395858941347368, 3.518363145173226]",0,-13.060838156074357,0.01259469985961914,False,False,True,False,False,11
BLOB,"tensor([1.0257, 4.0101])",60,0,1,FprG_SDP,False,1,"[1.3540250840800196, 3.532463372920176]",0,-13.060838154060212,0.009119987487792969,False,False,False,False,False,9
BLOB,"tensor([1.0257, 4.0101])",60,0,1,Lan_SDP,False,1,"[1.5256517348225076, 3.5101334878009656]",0,3.329766155236002,0.014869213104248047,True,False,False,False,False,16
BLOB,"tensor([1.0257, 4.0101])",60,0,1,Lan_SDP,False,1,"[1.5256517435563097, 3.510133283701446]",0,3.3297643362798572,0.00396728515625,False,False,False,False,False,13
BLOB,"tensor([1.0257, 4.0101])",60,0,1,Lan_couches_SDP,False,1,"[1.525651685318178, 3.510133453512478]",0,3.329766497231674,0.021943330764770508,True,False,False,False,False,25
BLOB,"tensor([1.0257, 4.0101])",60,0,1,Lan_couches_SDP,False,1,"[1.5256518112611603, 3.5101332667210063]",0,3.329763650246406,0.004213571548461914,False,False,False,False,False,12
BLOB,"tensor([1.0186, 3.9505])",61,0,1,FprG_SDP,False,1,"[1.44461526187924, 3.4582192103862877]",0,-13.256783409730001,0.01404881477355957,False,True,True,False,False,11
BLOB,"tensor([1.0186, 3.9505])",61,0,1,FprG_SDP,False,1,"[1.3534082529549858, 3.4723212147819025]",0,-13.256783396317614,0.011443376541137695,False,True,False,False,False,9
BLOB,"tensor([1.0186, 3.9505])",61,0,1,FprG_SDP,False,1,"[1.4320210573084284, 3.4587899771870947]",0,-13.256783409741871,0.010350465774536133,False,False,True,False,False,11
BLOB,"tensor([1.0186, 3.9505])",61,0,1,FprG_SDP,False,1,"[1.3432368621408846, 3.4734142656793683]",0,-13.256783408080878,0.0048983097076416016,False,False,False,False,False,9
BLOB,"tensor([1.0186, 3.9505])",61,0,1,Lan_SDP,False,1,"[1.5185585580766205, 3.450509178191921]",0,3.012189050159658,0.022419452667236328,True,False,False,False,False,16
BLOB,"tensor([1.0186, 3.9505])",61,0,1,Lan_SDP,False,1,"[1.5185585651204747, 3.4505088442300096]",0,3.0121864261639404,0.004244327545166016,False,False,False,False,False,13
BLOB,"tensor([1.0186, 3.9505])",61,0,2,Lan_couches_SDP,False,1,"[1.5185585348994015, 3.450508960002033]",0,34.85689639340263,0.017788171768188477,True,False,False,False,False,15
BLOB,"tensor([1.0186, 3.9505])",61,0,2,Lan_couches_SDP,False,1,"[1.518558613386219, 3.450508828947769]",0,34.85689217317879,0.013825654983520508,False,False,False,False,False,11
BLOB,"tensor([1.0209, 4.0129])",66,0,2,FprG_SDP,False,1,"[1.4490898502737777, 3.5203799999384793]",0,-12.955215938306704,0.008474588394165039,False,True,True,False,False,11
BLOB,"tensor([1.0209, 4.0129])",66,0,2,FprG_SDP,False,1,"[1.3598439205948043, 3.534172729950581]",0,-12.955215932775841,0.005976676940917969,False,True,False,False,False,9
BLOB,"tensor([1.0209, 4.0129])",66,0,2,FprG_SDP,False,1,"[1.4351398505322548, 3.5211116194332783]",0,-12.955215938334199,0.006524801254272461,False,False,True,False,False,11
BLOB,"tensor([1.0209, 4.0129])",66,0,2,FprG_SDP,False,1,"[1.3499620317767898, 3.5351244979065015]",0,-12.955215936815298,0.009200334548950195,False,False,False,False,False,9
BLOB,"tensor([1.0209, 4.0129])",66,0,1,Lan_SDP,False,1,"[1.5208862806504875, 3.5129189370426714]",0,3.411426310867931,0.005511045455932617,True,False,False,False,False,15
BLOB,"tensor([1.0209, 4.0129])",66,0,1,Lan_SDP,False,1,"[1.5208862348159415, 3.512918965534953]",0,3.4114269099241623,0.0031375885009765625,False,False,False,False,False,13
BLOB,"tensor([1.0209, 4.0129])",66,0,1,Lan_couches_SDP,False,1,"[1.520886280406128, 3.512918944950929]",0,3.4114263136644736,0.0,True,False,False,False,False,12
BLOB,"tensor([1.0209, 4.0129])",66,0,1,Lan_couches_SDP,False,1,"[1.5208863005601423, 3.512918949370045]",0,3.4114262482635214,0.005631685256958008,False,False,False,False,False,12
BLOB,"tensor([1.0178, 3.9761])",69,0,2,FprG_SDP,False,1,"[1.444579583173468, 3.483761652588968]",0,-13.1002250272577,0.009008407592773438,False,True,True,False,False,11
BLOB,"tensor([1.0178, 3.9761])",69,0,2,FprG_SDP,False,1,"[1.3545548008250203, 3.4976834772596974]",0,-13.100225016651446,0.00611567497253418,False,True,False,False,False,9
BLOB,"tensor([1.0178, 3.9761])",69,0,2,FprG_SDP,False,1,"[1.4315579112744514, 3.4843760999884767]",0,-13.100225027295938,0.008722066879272461,False,False,True,False,False,11
BLOB,"tensor([1.0178, 3.9761])",69,0,2,FprG_SDP,False,1,"[1.3444866653985124, 3.4987132960404725]",0,-13.100225025820267,0.0033464431762695312,False,False,False,False,False,9
BLOB,"tensor([1.0178, 3.9761])",69,0,1,Lan_SDP,False,1,"[1.5177851714262394, 3.476135684703919]",0,3.19879397766264,0.007043361663818359,True,False,False,False,False,15
BLOB,"tensor([1.0178, 3.9761])",69,0,1,Lan_SDP,False,1,"[1.5177851302601557, 3.4761357419628016]",0,3.198794647112239,0.005944013595581055,False,False,False,False,False,13
BLOB,"tensor([1.0178, 3.9761])",69,0,2,Lan_couches_SDP,False,1,"[1.5177851644834344, 3.4761356949889435]",0,35.306064106290776,0.02350902557373047,True,False,False,False,False,12
BLOB,"tensor([1.0178, 3.9761])",69,0,2,Lan_couches_SDP,False,1,"[1.517785183272967, 3.4761357262247716]",0,35.3060644323755,0.008547067642211914,False,False,False,False,False,11
BLOB,"tensor([0.9313, 4.0508])",70,0,1,FprG_SDP,False,1,"[1.3647858198796647, 3.5573069235122725]",0,-11.050981917886137,0.011873960494995117,False,True,True,False,False,11
BLOB,"tensor([0.9313, 4.0508])",70,0,1,FprG_SDP,False,1,"[1.2816464094193505, 3.570330569897781]",0,-11.050981891420875,0.013316154479980469,False,True,False,False,False,9
BLOB,"tensor([0.9313, 4.0508])",70,0,1,FprG_SDP,False,1,"[1.3518682572195844, 3.5581718333536454]",0,-11.05098191694449,0.011790037155151367,False,False,True,False,False,11
BLOB,"tensor([0.9313, 4.0508])",70,0,1,FprG_SDP,False,1,"[1.2718568415194431, 3.5707454855599154]",0,-11.050981916280179,0.010159730911254883,False,False,False,False,False,9
BLOB,"tensor([0.9313, 4.0508])",70,0,2,Lan_SDP,False,1,"[1.4313461874421698, 3.550756275920735]",0,38.43259967987346,0.010112524032592773,True,False,False,False,False,14
BLOB,"tensor([0.9313, 4.0508])",70,0,2,Lan_SDP,False,1,"[1.4313462155421317, 3.5507559799107242]",0,38.43259395761607,0.010113000869750977,False,False,False,False,False,13
BLOB,"tensor([0.9313, 4.0508])",70,0,2,Lan_couches_SDP,False,1,"[1.4313462250949056, 3.5507559771792736]",0,38.43259458117817,0.031085968017578125,True,False,False,False,False,16
BLOB,"tensor([0.9313, 4.0508])",70,0,2,Lan_couches_SDP,False,1,"[1.431346280032739, 3.5507559657361]",0,38.43259277476773,0.0062711238861083984,False,False,False,False,False,12
BLOB,"tensor([2.0372, 1.9677])",71,1,0,Lan_SDP,False,1,"[1.5372142817337509, 1.5777709943781881]",1,10.12815115308587,0.009590387344360352,True,False,False,False,False,12
BLOB,"tensor([2.0372, 1.9677])",71,1,0,Lan_SDP,False,1,"[1.5372142805881137, 1.57777099644291]",1,10.12815113141341,0.012541770935058594,False,False,False,False,False,11
BLOB,"tensor([2.0372, 1.9677])",71,1,0,Lan_couches_SDP,False,1,"[1.5372142668355198, 1.5777709702350264]",1,10.128151128185086,0.007536172866821289,True,False,False,False,False,12
BLOB,"tensor([2.0372, 1.9677])",71,1,0,Lan_couches_SDP,False,1,"[1.5372142776935167, 1.5777709962219089]",1,10.128151095313195,0.008015632629394531,False,False,False,False,False,11
BLOB,"tensor([1.9308, 2.0299])",72,1,0,Lan_SDP,False,1,"[1.4308149851093312, 1.6399028053808768]",1,8.305315305964623,0.009262561798095703,True,False,False,False,False,12
BLOB,"tensor([1.9308, 2.0299])",72,1,0,Lan_SDP,False,1,"[1.4308149813955993, 1.6399028069624813]",1,8.30531524412205,0.007050752639770508,False,False,False,False,False,11
BLOB,"tensor([1.9308, 2.0299])",72,1,2,Lan_couches_SDP,False,1,"[2.248808324663874, 1.5298655029913737]",1,6.457848546719973,0.014807939529418945,True,False,False,False,False,11
BLOB,"tensor([1.9308, 2.0299])",72,1,2,Lan_couches_SDP,False,1,"[2.248808332364865, 1.5298655172830282]",1,6.457848536395148,0.009110212326049805,False,False,False,False,False,10
BLOB,"tensor([2.0231, 2.0301])",75,1,0,Lan_SDP,False,1,"[1.5230512633490614, 1.6401552572336966]",1,9.512880402771923,0.008476018905639648,True,False,False,False,False,12
BLOB,"tensor([2.0231, 2.0301])",75,1,0,Lan_SDP,False,1,"[1.523051264779372, 1.6401552575698315]",1,9.51288041306346,0.005658388137817383,False,False,False,False,False,11
BLOB,"tensor([2.0231, 2.0301])",75,1,0,Lan_couches_SDP,False,1,"[1.5230512455189307, 1.6401552172860716]",1,9.512880481259257,0.013007164001464844,True,False,False,False,False,11
BLOB,"tensor([2.0231, 2.0301])",75,1,0,Lan_couches_SDP,False,1,"[1.5230512607146003, 1.6401552633545258]",1,9.51288032367223,0.011739730834960938,False,False,False,False,False,11
BLOB,"tensor([1.0368, 3.9807])",76,0,2,FprG_SDP,False,1,"[1.4622269700377952, 3.4884057494002576]",0,-13.435225494450574,0.005202531814575195,False,True,True,False,False,11
BLOB,"tensor([1.0368, 3.9807])",76,0,2,FprG_SDP,False,1,"[1.3717871182077583, 3.502508166258337]",0,-13.435225478954635,0.005349636077880859,False,True,False,False,False,9
BLOB,"tensor([1.0368, 3.9807])",76,0,2,FprG_SDP,False,1,"[1.4487507862910152, 3.489104400503622]",0,-13.435225494500095,0.015428781509399414,False,False,True,False,False,11
BLOB,"tensor([1.0368, 3.9807])",76,0,2,FprG_SDP,False,1,"[1.3618551387764288, 3.503598224141191]",0,-13.435225491415693,0.013983488082885742,False,False,False,False,False,9
BLOB,"tensor([1.0368, 3.9807])",76,0,2,Lan_SDP,False,1,"[1.5368204910420376, 3.4806998643267266]",0,34.971879071560934,0.012941837310791016,True,False,False,False,False,14
BLOB,"tensor([1.0368, 3.9807])",76,0,2,Lan_SDP,False,1,"[1.536820510151858, 3.480699778108695]",0,34.97187725252346,0.008466958999633789,False,False,False,False,False,13
BLOB,"tensor([1.0368, 3.9807])",76,0,2,Lan_couches_SDP,False,1,"[1.5368205018720245, 3.4806998193801966]",0,34.97187855451777,0.02204275131225586,True,False,False,False,False,15
BLOB,"tensor([1.0368, 3.9807])",76,0,2,Lan_couches_SDP,False,1,"[1.5368205236952641, 3.4806997742100725]",0,34.97187699211792,0.008574247360229492,False,False,False,False,False,11
BLOB,"tensor([1.0112, 4.0262])",77,0,1,FprG_SDP,False,1,"[1.4408242162833678, 3.5334568792288152]",0,-12.699233485238137,0.008742094039916992,False,True,True,False,False,11
BLOB,"tensor([1.0112, 4.0262])",77,0,1,FprG_SDP,False,1,"[1.352101402258335, 3.547150787765737]",0,-12.69923348037047,0.008101463317871094,False,True,False,False,False,9
BLOB,"tensor([1.0112, 4.0262])",77,0,1,FprG_SDP,False,1,"[1.426461958363279, 3.534213121287792]",0,-12.699233485213004,0.008135080337524414,False,False,True,False,False,11
BLOB,"tensor([1.0112, 4.0262])",77,0,1,FprG_SDP,False,1,"[1.3422793942508817, 3.548022194285714]",0,-12.699233484009449,0.008411407470703125,False,False,False,False,False,9
BLOB,"tensor([1.0112, 4.0262])",77,0,1,Lan_SDP,False,1,"[1.511233908571768, 3.5261540407012095]",0,3.6291153642900476,0.008035659790039062,True,False,False,False,False,14
BLOB,"tensor([1.0112, 4.0262])",77,0,1,Lan_SDP,False,1,"[1.5112338602940691, 3.5261540545973715]",0,3.6291158572729962,0.012527227401733398,False,False,False,False,False,13
BLOB,"tensor([1.0112, 4.0262])",77,0,2,Lan_couches_SDP,False,1,"[1.5112339163499018, 3.526154030329393]",0,36.29166630722099,0.010262250900268555,True,False,False,False,False,11
BLOB,"tensor([1.0112, 4.0262])",77,0,2,Lan_couches_SDP,False,1,"[1.5112338976709783, 3.5261540223137016]",0,36.291666484874895,0.01285696029663086,False,False,False,False,False,11
BLOB,"tensor([2.0192, 2.0055])",80,1,0,Lan_SDP,False,1,"[1.5192120068039594, 1.6155697200553663]",1,9.631841114005603,0.009677410125732422,True,False,False,False,False,12
BLOB,"tensor([2.0192, 2.0055])",80,1,0,Lan_SDP,False,1,"[1.5192120102625126, 1.6155697236485604]",1,9.631841132631974,0.011963605880737305,False,False,False,False,False,11
BLOB,"tensor([2.0192, 2.0055])",80,1,0,Lan_couches_SDP,False,1,"[1.5192120046432789, 1.6155697116872927]",1,9.631841137677354,0.016299962997436523,True,False,False,False,False,11
BLOB,"tensor([2.0192, 2.0055])",80,1,0,Lan_couches_SDP,False,1,"[1.5192120064500316, 1.6155697285382635]",1,9.631841053508424,0.01472330093383789,False,False,False,False,False,11
BLOB,"tensor([0.9988, 3.9631])",81,0,2,FprG_SDP,False,1,"[1.4265537212244972, 3.4706208587544376]",0,-12.812789071374656,0.010492086410522461,False,True,True,False,False,11
BLOB,"tensor([0.9988, 3.9631])",81,0,2,FprG_SDP,False,1,"[1.3367721595564868, 3.4844671917398022]",0,-12.812789063702503,0.014032602310180664,False,True,False,False,False,9
BLOB,"tensor([0.9988, 3.9631])",81,0,2,FprG_SDP,False,1,"[1.413108610170958, 3.471283712214748]",0,-12.812789071400763,0.008083343505859375,False,False,True,False,False,11
BLOB,"tensor([0.9988, 3.9631])",81,0,2,FprG_SDP,False,1,"[1.3265623771020232, 3.4854515874992753]",0,-12.812789070780116,0.01419520378112793,False,False,False,False,False,9
BLOB,"tensor([0.9988, 3.9631])",81,0,1,Lan_SDP,False,1,"[1.4987837003023443, 3.4630985434494796]",0,3.3581467023144693,0.0,True,False,False,False,False,14
BLOB,"tensor([0.9988, 3.9631])",81,0,1,Lan_SDP,False,1,"[1.4987837058563154, 3.463098526294725]",0,3.358146520016578,0.0026187896728515625,False,False,False,False,False,14
BLOB,"tensor([0.9988, 3.9631])",81,0,2,Lan_couches_SDP,False,1,"[1.498783693972039, 3.463098519177067]",0,35.49653258610002,0.0,True,False,False,False,False,11
BLOB,"tensor([0.9988, 3.9631])",81,0,2,Lan_couches_SDP,False,1,"[1.4987836853132583, 3.463098509549585]",0,35.49653248125967,0.01552724838256836,False,False,False,False,False,11
BLOB,"tensor([0.9639, 3.9640])",82,0,1,FprG_SDP,False,1,"[1.394712897694023, 3.471199344786847]",0,-12.147093339270931,0.011692523956298828,False,True,True,False,False,11
BLOB,"tensor([0.9639, 3.9640])",82,0,1,FprG_SDP,False,1,"[1.305820959481793, 3.484855141676129]",0,-12.14709333209558,0.01158285140991211,False,True,False,False,False,9
BLOB,"tensor([0.9639, 3.9640])",82,0,1,FprG_SDP,False,1,"[1.3801489606110022, 3.4719686718115415]",0,-12.14709333923475,0.011565446853637695,False,False,True,False,False,11
BLOB,"tensor([0.9639, 3.9640])",82,0,1,FprG_SDP,False,1,"[1.2956324923397928, 3.4856664295675928]",0,-12.147093338695871,0.01303410530090332,False,False,False,False,False,9
BLOB,"tensor([0.9639, 3.9640])",82,0,2,Lan_SDP,False,1,"[1.4638847064184297, 3.4640332594632093]",0,36.26620557060665,0.0177152156829834,True,False,False,False,False,14
BLOB,"tensor([0.9639, 3.9640])",82,0,2,Lan_SDP,False,1,"[1.4638846996536137, 3.464033128841748]",0,36.26620353364527,0.01174783706665039,False,False,False,False,False,13
BLOB,"tensor([0.9639, 3.9640])",82,0,1,Lan_couches_SDP,False,1,"[1.4638847623054114, 3.4640331938629743]",0,3.822140873985206,0.017128467559814453,True,False,False,False,False,16
BLOB,"tensor([0.9639, 3.9640])",82,0,1,Lan_couches_SDP,False,1,"[1.4638847758081006, 3.4640331341612614]",0,3.8221397411164935,0.010353565216064453,False,False,False,False,False,13
BLOB,"tensor([2.0183, 2.0328])",85,1,0,Lan_SDP,False,1,"[1.5183308121980648, 1.642820418509567]",1,9.432638492352943,0.012539863586425781,True,False,False,False,False,12
BLOB,"tensor([2.0183, 2.0328])",85,1,0,Lan_SDP,False,1,"[1.5183308156661721, 1.6428204305994918]",1,9.432638447743999,0.010765790939331055,False,False,False,False,False,11
BLOB,"tensor([2.0183, 2.0328])",85,1,2,Lan_couches_SDP,False,1,"[2.336324040209522, 1.5327830353119574]",1,5.743862336876136,0.006810903549194336,True,False,False,False,False,11
BLOB,"tensor([2.0183, 2.0328])",85,1,2,Lan_couches_SDP,False,1,"[2.3363240499545603, 1.5327830324964564]",1,5.743862243440663,0.008536338806152344,False,False,False,False,False,11
BLOB,"tensor([1.0044, 4.1105])",88,0,2,FprG_SDP,False,1,"[1.438024135770909, 3.6173144835306235]",0,-12.103390216047949,0.0028040409088134766,False,True,True,False,False,11
BLOB,"tensor([1.0044, 4.1105])",88,0,2,FprG_SDP,False,1,"[1.3509384628418442, 3.630741171131577]",0,-12.103390189336993,0.006246805191040039,False,True,False,False,False,9
BLOB,"tensor([1.0044, 4.1105])",88,0,2,FprG_SDP,False,1,"[1.4226589877942464, 3.618182927377939]",0,-12.103390215171704,0.0,False,False,True,False,False,11
BLOB,"tensor([1.0044, 4.1105])",88,0,2,FprG_SDP,False,1,"[1.3416567820107999, 3.631370955874187]",0,-12.103390204124546,0.007253885269165039,False,False,False,False,False,9
BLOB,"tensor([1.0044, 4.1105])",88,0,1,Lan_SDP,False,1,"[1.5044289224367828, 3.6104909299189014]",0,4.299082175606874,0.00826263427734375,True,False,False,False,False,16
BLOB,"tensor([1.0044, 4.1105])",88,0,1,Lan_SDP,False,1,"[1.504428891977178, 3.610490338007699]",0,4.299078099371946,0.0073168277740478516,False,False,False,False,False,13
BLOB,"tensor([1.0044, 4.1105])",88,0,2,Lan_couches_SDP,False,1,"[1.5044288857641694, 3.6104903610225443]",0,37.86188110153367,0.01729750633239746,True,False,False,False,False,16
BLOB,"tensor([1.0044, 4.1105])",88,0,2,Lan_couches_SDP,False,1,"[1.5044289729160183, 3.610490315176706]",0,37.86187826203999,0.013201236724853516,False,False,False,False,False,12
BLOB,"tensor([1.9923, 1.9846])",90,1,2,Lan_SDP,False,1,"[2.3103048891398865, 1.4846421404995511]",1,5.483903910413721,0.013096094131469727,True,False,False,False,False,12
BLOB,"tensor([1.9923, 1.9846])",90,1,2,Lan_SDP,False,1,"[2.310304934374463, 1.484642161477608]",1,5.483903784549792,0.011377096176147461,False,False,False,False,False,12
BLOB,"tensor([1.9923, 1.9846])",90,1,2,Lan_couches_SDP,False,1,"[2.310304899274416, 1.484642139178034]",1,5.483903794654984,0.006508588790893555,True,False,False,False,False,11
BLOB,"tensor([1.9923, 1.9846])",90,1,2,Lan_couches_SDP,False,1,"[2.3103049363995005, 1.4846421493575148]",1,5.483903666194364,0.008009910583496094,False,False,False,False,False,11
BLOB,"tensor([0.9889, 4.0212])",91,0,2,FprG_SDP,False,1,"[1.4201472979948213, 3.5283313163172374]",0,-12.30429467260669,0.012651205062866211,False,True,True,False,False,11
BLOB,"tensor([0.9889, 4.0212])",91,0,2,FprG_SDP,False,1,"[1.3318624129819534, 3.54192311857977]",0,-12.30429466669381,0.013738870620727539,False,True,False,False,False,9
BLOB,"tensor([0.9889, 4.0212])",91,0,2,FprG_SDP,False,1,"[1.4053266831124271, 3.529121644807261]",0,-12.30429467250827,0.010399103164672852,False,False,True,False,False,11
BLOB,"tensor([0.9889, 4.0212])",91,0,2,FprG_SDP,False,1,"[1.3220212857758682, 3.5427018385998337]",0,-12.304294671183616,0.012717962265014648,False,False,False,False,False,9
BLOB,"tensor([0.9889, 4.0212])",91,0,1,Lan_SDP,False,1,"[1.4889212756096868, 3.5212126189735553]",0,3.887627946497572,0.01211237907409668,True,False,False,False,False,15
BLOB,"tensor([0.9889, 4.0212])",91,0,1,Lan_SDP,False,1,"[1.4889212826368976, 3.5212125784507444]",0,3.8876276415342463,0.008363962173461914,False,False,False,False,False,14
BLOB,"tensor([0.9889, 4.0212])",91,0,2,Lan_couches_SDP,False,1,"[1.4889212555313498, 3.521212558243391]",0,36.6902822446968,0.019987821578979492,True,False,False,False,False,12
BLOB,"tensor([0.9889, 4.0212])",91,0,2,Lan_couches_SDP,False,1,"[1.4889212765819075, 3.521212569653903]",0,36.69028222958998,0.015236377716064453,False,False,False,False,False,12
BLOB,"tensor([2.0110, 1.9522])",92,1,2,Lan_SDP,False,1,"[2.3289997056778455, 1.4522078139898358]",1,5.001160396233245,0.01407480239868164,True,False,False,False,False,13
BLOB,"tensor([2.0110, 1.9522])",92,1,2,Lan_SDP,False,1,"[2.3289997031343646, 1.4522078107107497]",1,5.001160365947993,0.010987520217895508,False,False,False,False,False,12
BLOB,"tensor([2.0110, 1.9522])",92,1,2,Lan_couches_SDP,False,1,"[2.3289996785994425, 1.452207806948147]",1,5.001160447517664,0.014790773391723633,True,False,False,False,False,11
BLOB,"tensor([2.0110, 1.9522])",92,1,2,Lan_couches_SDP,False,1,"[2.3289997042208497, 1.452207805334805]",1,5.001160352691764,0.012298822402954102,False,False,False,False,False,11
BLOB,"tensor([1.9899, 2.0670])",96,1,2,Lan_SDP,False,1,"[2.3078438439412543, 1.566960334233002]",1,6.327108670423239,0.009222745895385742,True,False,False,False,False,12
BLOB,"tensor([1.9899, 2.0670])",96,1,2,Lan_SDP,False,1,"[2.30784384935993, 1.5669603383382151]",1,6.327108659531221,0.00563359260559082,False,False,False,False,False,12
BLOB,"tensor([1.9899, 2.0670])",96,1,2,Lan_couches_SDP,False,1,"[2.30784384343159, 1.5669603361372002]",1,6.3271086883580345,0.0073697566986083984,True,False,False,False,False,11
BLOB,"tensor([1.9899, 2.0670])",96,1,2,Lan_couches_SDP,False,1,"[2.3078438521726756, 1.56696033680365]",1,6.327108598031629,0.009433984756469727,False,False,False,False,False,11
BLOB,"tensor([1.0339, 4.0654])",97,0,1,FprG_SDP,False,1,"[1.4633773456258214, 3.5726616211140527]",0,-12.910692961456405,0.01111912727355957,False,True,True,False,False,11
BLOB,"tensor([1.0339, 4.0654])",97,0,1,FprG_SDP,False,1,"[1.3748570873604113, 3.586351385746192]",0,-12.910692954286795,0.010840892791748047,False,True,False,False,False,9
BLOB,"tensor([1.0339, 4.0654])",97,0,1,FprG_SDP,False,1,"[1.4489807703021387, 3.5734239038043505]",0,-12.910692961421857,0.012586355209350586,False,False,True,False,False,11
BLOB,"tensor([1.0339, 4.0654])",97,0,1,FprG_SDP,False,1,"[1.3652615467091944, 3.5872272599232677]",0,-12.910692957574335,0.016169309616088867,False,False,False,False,False,9
BLOB,"tensor([1.0339, 4.0654])",97,0,1,Lan_SDP,False,1,"[1.5338777542190851, 3.5653596844726807]",0,3.60220509665404,0.014386892318725586,True,False,False,False,False,16
BLOB,"tensor([1.0339, 4.0654])",97,0,1,Lan_SDP,False,1,"[1.533877771847648, 3.5653591343603797]",0,3.602200706732064,0.012071609497070312,False,False,False,False,False,13
BLOB,"tensor([1.0339, 4.0654])",97,0,1,Lan_couches_SDP,False,1,"[1.5338778220458043, 3.5653599450942663]",0,3.60220601149919,0.016792774200439453,True,False,False,False,False,18
BLOB,"tensor([1.0339, 4.0654])",97,0,1,Lan_couches_SDP,False,1,"[1.533877848523252, 3.5653591156936115]",0,3.602199942212379,0.017171382904052734,False,False,False,False,False,12
BLOB,"tensor([0.9772, 4.0306])",98,0,2,FprG_SDP,False,1,"[1.4097326595339852, 3.5375157097731584]",0,-12.02998055249433,0.011044979095458984,False,True,True,False,False,11
BLOB,"tensor([0.9772, 4.0306])",98,0,2,FprG_SDP,False,1,"[1.321927497323787, 3.55101522499104]",0,-12.029980543740795,0.012587308883666992,False,True,False,False,False,9
BLOB,"tensor([0.9772, 4.0306])",98,0,2,FprG_SDP,False,1,"[1.394535789571166, 3.5383426779114746]",0,-12.029980552282858,0.011119365692138672,False,False,True,False,False,11
BLOB,"tensor([0.9772, 4.0306])",98,0,2,FprG_SDP,False,1,"[1.3121758344956738, 3.551716647140749]",0,-12.029980550472747,0.009224414825439453,False,False,False,False,False,9
BLOB,"tensor([0.9772, 4.0306])",98,0,1,Lan_SDP,False,1,"[1.4771612711404656, 3.5305547884606274]",0,4.106143096406575,0.01348423957824707,True,False,False,False,False,15
BLOB,"tensor([0.9772, 4.0306])",98,0,1,Lan_SDP,False,1,"[1.4771612863202854, 3.53055477183984]",0,4.106142842083061,0.01907491683959961,False,False,False,False,False,14
BLOB,"tensor([0.9772, 4.0306])",98,0,2,Lan_couches_SDP,False,1,"[1.4771612565798744, 3.5305547694036226]",0,37.10197929475846,0.010254859924316406,True,False,False,False,False,12
BLOB,"tensor([0.9772, 4.0306])",98,0,2,Lan_couches_SDP,False,1,"[1.4771612757915382, 3.530554760122376]",0,37.10197889382747,0.017618656158447266,False,False,False,False,False,12
